elapsed_seconds,interval_seconds,swap_delta,game_fps,cpu_percent_total_capacity,working_set_mib,private_memory_mib,foreground,client_width,client_height
1.000295,1.000295,0,0.0,2.4732,1473.59,96.543,0,,
2.000568,1.000273,0,0.0,2.8638,2889.969,102.66,0,,
3.000492,0.999923,0,0.0,2.995,4313.5,106.301,0,,
4.000236,0.999744,0,0.0,2.67,5726.309,113.738,0,,
5.000494,1.000258,0,0.0,3.0591,7238.691,117.309,0,,
6.000542,1.000048,0,0.0,2.9295,8716.621,120.879,0,,
7.000515,0.999973,0,0.0,2.7996,10132.637,138.359,0,,
8.000198,0.999683,0,0.0,27.0268,12014.0,2788.555,1,5120,1440
9.000496,1.000298,0,0.0,8.7864,12529.594,3432.016,1,5120,1440
10.000123,0.999627,0,0.0,4.7544,12529.914,3432.348,1,5120,1440
11.00054,1.000417,0,0.0,4.8157,12530.148,3432.598,1,5120,1440
12.000303,0.999763,0,0.0,4.6235,12530.465,3432.906,1,5120,1440
13.000119,0.999816,0,0.0,4.8837,12530.621,3433.039,1,5120,1440
14.000269,1.00015,0,0.0,4.7519,12529.344,3431.793,1,5120,1440
15.000139,0.99987,0,0.0,4.5579,12529.66,3432.129,1,5120,1440
16.000281,1.000142,0,0.0,4.6868,12529.914,3432.398,1,5120,1440
17.000181,0.9999,0,0.0,4.7531,12530.18,3432.676,1,5120,1440
18.000504,1.000323,0,0.0,4.686,12530.5,3432.934,1,5120,1440
19.000352,0.999848,0,0.0,4.8836,12530.816,3433.266,1,5120,1440
20.000079,0.999726,163,163.0446,9.4427,12553.379,3830.75,1,5120,1440
21.000496,1.000417,211,210.912,9.7616,12674.91,3840.031,1,5120,1440
22.000302,0.999806,176,176.0341,5.9907,12675.078,3840.031,1,5120,1440
23.000171,0.99987,38,38.005,0.9767,12675.078,3836.527,1,5120,1440
24.000937,1.000766,37,36.9717,0.9108,12675.102,3836.527,1,5120,1440
25.000283,0.999346,40,40.0262,1.1726,12675.102,3836.527,1,5120,1440
26.000506,1.000223,38,37.9915,0.8462,12675.102,3836.527,1,5120,1440
27.000531,1.000025,38,37.9991,0.651,12675.102,3836.527,1,5120,1440
28.000488,0.999957,40,40.0017,0.8464,12675.102,3836.527,1,5120,1440
29.000433,0.999945,38,38.0021,1.1068,12675.102,3836.527,1,5120,1440
30.000511,1.000078,38,37.997,0.9765,12675.09,3836.488,1,5120,1440
31.00048,0.999969,39,39.0012,0.9115,12675.09,3836.488,1,5120,1440
32.000305,0.999825,36,36.0063,1.107,12675.09,3836.488,1,5120,1440
33.000134,0.999829,38,38.0065,1.8883,12675.09,3836.488,1,5120,1440
34.000332,1.000198,38,37.9925,1.2367,12675.09,3836.488,1,5120,1440
35.000131,0.9998,35,35.007,1.8884,12675.09,3836.488,1,5120,1440
36.000351,1.00022,36,35.9921,1.8225,12675.09,3836.488,1,5120,1440
37.000418,1.000067,39,38.9974,2.4738,12675.09,3836.488,1,5120,1440
38.000145,0.999727,38,38.0104,1.7583,12675.09,3836.488,1,5120,1440
39.00031,1.000165,21,20.9965,8.0065,12934.887,6605.828,1,5120,1440
40.000444,1.000134,55,54.9926,18.8126,13670.914,7174.066,1,5120,1440
41.0004,0.999955,66,66.0029,17.1232,15127.57,7326.082,1,5120,1440
42.000126,0.999727,70,70.0191,15.1734,16468.797,7316.121,1,5120,1440
43.000223,1.000097,72,71.993,19.8548,17638.32,7391.227,1,5120,1440
44.000227,1.000003,74,73.9997,29.427,17660.902,7406.91,1,5120,1440
45.000297,1.00007,76,75.9946,30.5317,17666.504,7409.801,1,5120,1440
46.000636,1.000339,81,80.9726,30.3934,17676.402,7419.254,1,5120,1440
47.000419,0.999783,91,91.0198,23.7682,17683.758,7421.566,1,5120,1440
48.000148,0.999729,92,92.0249,21.2948,17693.398,7431.891,1,5120,1440
49.000558,1.00041,91,90.9627,16.5948,17695.797,7433.027,1,5120,1440
50.000272,0.999713,93,93.0267,16.6063,17721.66,7460.508,1,5120,1440
51.000364,1.000093,77,76.9929,13.931,17664.133,7800.188,1,5120,1440
52.000147,0.999783,101,101.0219,24.8101,17757.562,7893.426,1,5120,1440
53.000176,1.000028,112,111.9968,21.2234,17775.523,7911.848,1,5120,1440
54.000079,0.999903,105,105.0102,23.5049,17774.066,7907.418,1,5120,1440
55.000386,1.000307,109,108.9665,17.5076,17747.047,7879.844,1,5120,1440
56.000462,1.000077,108,107.9917,10.1555,17746.77,7879.531,1,5120,1440
57.000509,1.000047,54,53.9975,8.5282,17771.262,7880.406,1,5120,1440
58.000267,0.999758,29,29.007,7.6842,17935.766,8631.305,1,5120,1440
59.000518,1.000251,87,86.9782,32.5439,18025.098,8728.32,1,5120,1440
60.000435,0.999917,92,92.0076,28.7784,18063.176,8794.348,1,5120,1440
61.000251,0.999816,95,95.0175,14.586,18064.371,8794.785,1,5120,1440
62.000172,0.99992,95,95.0076,12.3057,18064.48,8794.785,1,5120,1440
63.00014,0.999968,95,95.003,11.7191,18064.617,8794.785,0,5120,1440
64.000328,1.000188,90,89.9831,11.8467,18064.734,8794.785,0,5120,1440
65.000321,0.999993,90,90.0006,13.086,18066.254,8801.113,0,5120,1440
66.000223,0.999902,91,91.0089,11.5897,18066.27,8801.113,0,5120,1440
67.000285,1.000062,92,91.9943,15.624,18077.004,8810.754,0,5120,1440
68.000159,0.999874,92,92.0116,11.8505,18077.578,8810.754,0,5120,1440
69.00018,1.00002,94,93.9981,12.1091,18077.598,8810.754,0,5120,1440
70.000281,1.000101,93,92.9906,16.4697,18080.375,8810.695,0,5120,1440
71.000633,1.000352,95,94.9666,12.5607,18080.531,8810.695,0,5120,1440
72.000422,0.999789,93,93.0196,11.9166,18079.609,8736.129,0,5120,1440
73.000313,0.999891,94,94.0102,11.3294,18079.461,8736.129,0,5120,1440
74.000295,0.999982,95,95.0017,14.2581,18080.055,8736.254,0,5120,1440
75.000151,0.999856,98,98.0141,14.325,18085.145,8743.707,0,5120,1440
76.000364,1.000213,93,92.9802,14.3199,18085.301,8744.582,0,5120,1440
77.000509,1.000144,94,93.9864,13.9954,18085.301,8744.332,0,5120,1440
78.000658,1.00015,94,93.9859,13.084,18085.301,8743.707,0,5120,1440
79.000181,0.999523,93,93.0444,14.1995,18085.301,8743.27,0,5120,1440
80.000561,1.00038,75,74.9715,11.5191,18085.43,8741.457,0,5120,1440
81.000189,0.999628,30,30.0112,3.9077,18085.43,8693.699,0,5120,1440
82.000085,0.999897,30,30.0031,3.4509,18085.43,8693.699,0,5120,1440
83.000335,1.000249,30,29.9925,3.8402,18085.438,8629.574,0,5120,1440
84.000255,0.99992,30,30.0024,3.6461,18085.57,8473.926,1,5120,1440
85.000467,1.000213,30,29.9936,3.3196,18085.57,8473.926,1,5120,1440
86.000146,0.999679,30,30.0096,2.2794,18085.57,8472.551,1,5120,1440
87.000723,1.000577,30,29.9827,2.1472,18085.57,8468.176,1,5120,1440
88.00016,0.999437,30,30.0169,2.4102,18085.574,8468.176,1,5120,1440
89.000194,1.000034,30,29.999,2.0182,18085.574,8468.176,1,5120,1440
90.000148,0.999954,30,30.0014,2.6043,18085.578,8402.512,1,5120,1440
91.000437,1.000288,97,96.972,13.2123,18069.391,8323.289,1,5120,1440
92.000174,0.999738,101,101.0265,13.2847,18024.059,8279.508,1,5120,1440
93.000196,1.000022,100,99.9978,12.1742,18015.562,8270.57,1,5120,1440
94.000255,1.000059,89,88.9948,37.3676,18460.84,8719.703,1,5120,1440
95.0003,1.000044,81,80.9964,82.8739,18497.32,8750.746,1,5120,1440
96.08423,1.08393,87,80.2635,87.0314,18610.469,8883.852,1,5120,1440
97.000442,0.916212,78,85.1331,84.0615,18657.336,8921.602,1,5120,1440
98.000419,0.999977,85,85.002,76.6294,18652.562,8915.148,1,5120,1440
99.000488,1.000069,81,80.9944,57.9387,18464.34,8717.18,1,5120,1440
100.000411,0.999923,30,30.0023,16.4075,18290.711,8538.594,1,5120,1440
101.000464,1.000053,30,29.9984,2.604,18274.414,8521.531,1,5120,1440
102.000321,0.999857,30,30.0043,2.7348,18274.414,8521.531,1,5120,1440
103.000241,0.99992,30,30.0024,2.409,18275.445,8525.473,1,5120,1440
104.000402,1.000161,30,29.9952,2.6688,18274.547,8524.473,1,5120,1440
105.000317,0.999915,30,30.0026,1.9533,18274.547,8524.473,1,5120,1440
106.000306,0.999989,30,30.0003,2.1485,18274.547,8524.473,1,5120,1440
107.0003,0.999994,30,30.0002,2.4089,18274.547,8524.473,1,5120,1440
108.000515,1.000215,30,29.9935,2.148,18274.547,8524.473,1,5120,1440
109.00056,1.000045,67,66.997,10.286,18233.355,8421.941,1,5120,1440
110.000323,0.999763,96,96.0228,24.1594,18244.898,8430.574,1,5120,1440
111.000522,1.000199,95,94.9811,12.0419,18245.824,8431.199,1,5120,1440
112.000399,0.999877,103,103.0126,12.6318,18246.082,8431.262,1,5120,1440
113.000204,0.999805,114,114.0223,14.1955,18246.965,8433.523,1,5120,1440
114.000081,0.999877,113,113.0138,11.3946,18246.965,8433.523,1,5120,1440
115.00033,1.000248,111,110.9725,10.6093,18246.965,8431.773,1,5120,1440
116.000502,1.000173,109,108.9812,11.7818,18247.07,8431.836,1,5120,1440
117.000544,1.000042,110,109.9954,11.1974,18247.07,8431.836,1,5120,1440
118.00047,0.999926,105,105.0078,12.6963,18255.031,8438.461,1,5120,1440
119.000685,1.000215,105,104.9774,10.3493,18255.039,8438.461,1,5120,1440
120.000478,0.999793,105,105.0217,11.07,18255.051,8438.461,1,5120,1440
121.000314,0.999836,105,105.0172,11.5253,18255.07,8438.461,1,5120,1440
122.000499,1.000185,104,103.9808,11.9769,18255.094,8438.461,1,5120,1440
123.000314,0.999815,98,98.0181,11.2,18255.523,8438.488,1,5120,1440
124.000088,0.999774,90,90.0204,21.0985,18287.629,8466.453,1,5120,1440
125.000081,0.999993,89,89.0007,11.9793,18287.641,8466.453,1,5120,1440
126.000121,1.00004,90,89.9964,11.2626,18287.641,8466.453,1,5120,1440
127.000173,1.000052,92,91.9952,12.2389,18287.641,8466.453,1,5120,1440
128.000244,1.000071,98,97.993,12.3038,18287.699,8466.453,1,5120,1440
129.000347,1.000103,102,101.9895,13.6705,18288.309,8466.578,1,5120,1440
130.000234,0.999886,102,102.0116,11.5899,18203.809,8378.664,1,5120,1440
131.000155,0.999922,93,93.0073,17.1237,18274.598,8454.953,1,5120,1440
132.000463,1.000307,88,87.9729,16.9219,18234.039,8412.559,1,5120,1440
133.000278,0.999815,88,88.0163,13.4791,18208.488,8388.172,1,5120,1440
134.000436,1.000159,95,94.9849,12.1075,18223.805,8402.238,1,5120,1440
135.000323,0.999887,91,91.0103,12.0456,18224.645,8402.801,1,5120,1440
136.000587,1.000264,79,78.9792,12.4316,18224.645,8402.801,1,5120,1440
137.000326,0.999739,87,87.0227,12.9591,18224.645,8402.801,1,5120,1440
138.000371,1.000045,96,95.9957,12.1739,18224.645,8402.621,1,5120,1440
139.000108,0.999737,96,96.0252,10.224,18224.645,8402.621,1,5120,1440
140.000251,1.000143,96,95.9863,10.8058,18224.645,8402.621,1,5120,1440
141.000125,0.999875,96,96.012,12.8271,18237.754,8417.203,1,5120,1440
142.000302,1.000177,95,94.9832,17.575,18331.098,8529.504,1,5120,1440
143.000586,1.000284,89,88.9747,23.3658,18364.035,8553.844,1,5120,1440
144.000367,0.999781,87,87.0191,12.6981,18364.035,8553.844,1,5120,1440
145.000364,0.999997,88,88.0003,13.8021,18284.441,8461.707,1,5120,1440
146.000507,1.000143,87,86.9876,13.4095,18281.027,8458.145,1,5120,1440
147.000122,0.999616,87,87.0335,14.0028,18294.758,8472.93,1,5120,1440
148.000479,1.000357,88,87.9686,12.3003,18294.758,8472.93,1,5120,1440
149.00053,1.000051,88,87.9955,12.1739,18299.371,8478.367,1,5120,1440
150.000429,0.999899,86,86.0087,16.6683,18318.262,8495.816,1,5120,1440
151.000475,1.000046,82,81.9963,17.6424,18322.293,8499.02,1,5120,1440
152.000483,1.000008,82,81.9993,18.6196,18324.688,8495.836,1,5120,1440
153.000519,1.000036,82,81.997,15.7546,18343.871,8522.098,1,5120,1440
154.000548,1.000029,82,81.9976,17.7078,18330.375,8507.664,1,5120,1440
155.000257,0.999709,81,81.0236,13.5456,18330.375,8507.664,1,5120,1440
156.00038,1.000123,89,88.989,13.9957,18346.008,8523.789,1,5120,1440
157.000293,0.999913,92,92.008,15.0404,18348.879,8525.852,1,5120,1440
158.000131,0.999837,92,92.015,14.6508,18332.25,8508.535,1,5120,1440
159.000295,1.000164,94,93.9846,12.8885,18332.25,8516.352,1,5120,1440
160.000487,1.000192,104,103.9801,11.326,18332.25,8516.352,1,5120,1440
161.000376,0.99989,103,103.0114,11.8503,18332.25,8516.352,1,5120,1440
162.000206,0.999829,104,104.0177,12.6975,18332.562,8517.102,1,5120,1440
163.00043,1.000224,104,103.9767,14.0593,18351.32,8529.855,1,5120,1440
164.000438,1.000008,106,105.9991,12.1744,18332.816,8512.164,1,5120,1440
165.000249,0.99981,108,108.0205,11.6559,18332.816,8512.164,1,5120,1440
166.000475,1.000226,108,107.9756,13.1481,18344.684,8524.727,1,5120,1440
167.000132,0.999657,108,108.037,12.6345,18333.254,8509.844,1,5120,1440
168.000178,1.000046,108,107.995,12.3692,18334.137,8510.844,1,5120,1440
169.000205,1.000027,108,107.9971,13.9319,18335.301,8510.848,1,5120,1440
170.000275,1.00007,108,107.9924,12.1736,18343.004,8519.223,1,5120,1440
171.000112,0.999836,108,108.0177,14.1299,18350.07,8525.785,1,5120,1440
172.000408,1.000296,107,106.9683,13.5377,18346.281,8522.16,1,5120,1440
173.000208,0.999801,99,99.0197,15.3025,18364.398,8539.172,1,5120,1440
174.000584,1.000375,96,95.964,12.3001,18352.785,8527.797,1,5120,1440
175.000446,0.999862,94,94.013,12.111,18346.125,8521.172,1,5120,1440
176.000151,0.999705,97,97.0286,12.7642,18341.77,8516.047,1,5120,1440
177.000158,1.000007,99,98.9993,13.6067,18353.797,8528.922,1,5120,1440
178.000282,1.000124,96,95.9881,14.0608,18351.82,8526.551,1,5120,1440
179.000267,0.999985,97,97.0015,12.6955,18346.133,8520.613,1,5120,1440
180.00019,0.999924,94,94.0072,13.738,18367.914,8545.805,1,5120,1440
181.000376,1.000186,92,91.9829,16.273,18369.414,8546.312,1,5120,1440
182.000165,0.999789,90,90.019,12.3724,18369.523,8546.312,1,5120,1440
183.000505,1.00034,91,90.9691,12.0402,18369.773,8542.375,1,5120,1440
184.000524,1.000019,92,91.9983,12.1743,18369.926,8542.375,1,5120,1440
185.000139,0.999615,90,90.0346,12.0489,18369.949,8542.375,1,5120,1440
186.000463,1.000324,91,90.9705,12.0404,18370.242,8542.375,1,5120,1440
187.0004,0.999937,92,92.0058,12.045,18370.406,8542.375,1,5120,1440
188.000336,0.999936,91,91.0058,11.9799,18370.801,8542.5,1,5120,1440
189.000436,1.000101,91,90.9908,15.6234,18379.137,8555.77,1,5120,1440
190.000193,0.999756,91,91.0222,12.1123,18379.406,8555.895,1,5120,1440
191.000506,1.000313,95,94.9703,12.7564,18380.883,8556.707,1,5120,1440
192.000483,0.999977,99,99.0022,11.719,18381.16,8556.707,1,5120,1440
193.000542,1.000059,100,99.9941,12.1087,18381.406,8556.707,1,5120,1440
194.000125,0.999583,99,99.0413,11.4631,18381.504,8558.332,1,5120,1440
195.000458,1.000333,89,88.9704,16.2706,18385.0,8560.711,1,5120,1440
196.000341,0.999884,92,92.0107,15.8222,18388.824,8562.652,1,5120,1440
197.000498,1.000157,97,96.9848,23.8895,18416.363,8860.699,1,5120,1440
198.000489,0.999991,98,98.0009,13.672,18416.551,8860.699,1,5120,1440
199.000214,0.999725,98,98.027,14.0012,18417.039,8860.703,1,5120,1440
200.000414,1.0002,111,110.9778,17.5095,18423.398,8865.711,1,5120,1440
201.000533,1.00012,98,97.9883,14.842,18339.246,8779.609,1,5120,1440
202.000381,0.999848,96,96.0146,12.6321,18339.246,8779.609,1,5120,1440
203.00019,0.999809,97,97.0185,13.935,18345.363,8784.809,1,5120,1440
204.000364,1.000175,92,91.9839,13.995,18355.5,8802.266,1,5120,1440
205.000538,1.000173,96,95.9833,14.5808,18356.176,8802.328,1,5120,1440
206.000485,0.999947,95,95.005,13.9981,18367.746,8812.285,1,5120,1440
207.000496,1.000011,95,94.999,13.0858,18367.852,8812.223,1,5120,1440
208.000546,1.000049,94,93.9954,15.494,18388.016,8833.492,1,5120,1440
209.00061,1.000064,95,94.9939,14.5824,18388.941,8833.492,1,5120,1440
210.00062,1.00001,95,94.999,14.8436,18394.461,8847.25,1,5120,1440
211.000484,0.999864,99,99.0134,25.0685,18407.438,8855.387,1,5120,1440
212.000211,0.999726,98,98.0268,12.9593,18407.535,8855.387,1,5120,1440
213.00047,1.000259,98,97.9746,12.692,18407.629,8855.387,1,5120,1440
214.000299,0.999829,98,98.0168,13.2835,18407.758,8844.316,1,5120,1440
215.000539,1.00024,95,94.9772,12.1716,18407.867,8844.316,1,5120,1440
216.000158,0.99962,96,96.0365,12.635,18407.887,8844.316,1,5120,1440
217.000462,1.000304,96,95.9708,14.1884,18408.051,8844.316,1,5120,1440
218.000522,1.00006,97,96.9942,14.5174,18408.406,8844.504,1,5120,1440
219.000076,0.999554,96,96.0429,14.9155,18409.289,8844.504,1,5120,1440
220.000265,1.00019,96,95.9818,15.1013,18409.926,8844.504,1,5120,1440
221.000326,1.000061,97,96.9941,14.1267,18410.398,8844.504,1,5120,1440
222.000348,1.000022,96,95.9979,12.1742,18410.594,8844.504,1,5120,1440
223.000524,1.000176,95,94.9833,14.1902,18410.859,8844.504,1,5120,1440
224.000526,1.000002,92,91.9998,11.8489,18410.961,8844.504,1,5120,1440
225.000453,0.999926,92,92.0068,12.1754,18411.141,8844.504,1,5120,1440
226.000461,1.000008,91,90.9992,11.8489,18411.246,8844.504,1,5120,1440
227.000439,0.999978,93,93.002,12.6305,18411.586,8844.504,1,5120,1440
228.00055,1.00011,94,93.9896,14.2562,18415.473,8855.098,1,5120,1440
229.000413,0.999864,95,95.0129,12.8924,18415.742,8855.098,1,5120,1440
230.000495,1.000081,95,94.9923,13.15,18415.996,8855.098,1,5120,1440
231.000523,1.000028,95,94.9973,13.0856,18416.223,8855.098,1,5120,1440
232.000328,0.999806,91,91.0177,13.935,18416.551,8855.098,0,5120,1440
233.000377,1.000049,90,89.9956,12.3692,18416.707,8855.098,0,5120,1440
234.000331,0.999954,90,90.0041,12.3052,18416.91,8855.098,0,5120,1440
235.000451,1.00012,86,85.9897,12.5636,18416.883,8855.098,0,5120,1440
236.000188,0.999737,96,96.0253,12.5684,18416.977,8855.098,0,5120,1440
237.000254,1.000066,90,89.9941,13.2153,18417.277,8855.098,0,5120,1440
238.000445,1.000191,87,86.9834,14.7107,18427.805,8865.102,0,5120,1440
239.00027,0.999825,92,92.0161,15.8231,18431.559,8867.664,0,5120,1440
240.000448,1.000178,93,92.9834,12.4978,18431.559,8867.664,0,5120,1440
241.000225,0.999777,92,92.0205,12.4377,18431.691,8867.664,0,5120,1440
242.000291,1.000067,92,91.9939,12.7596,18431.934,8865.789,0,5120,1440
243.000353,1.000062,93,92.9942,12.1086,18432.098,8865.789,0,5120,1440
244.00027,0.999917,92,92.0077,12.6964,18432.195,8865.789,0,5120,1440
245.000619,1.000349,92,91.9679,13.4719,18432.488,8865.789,0,5120,1440
246.000184,0.999566,92,92.04,12.766,18432.582,8865.789,0,5120,1440
247.000516,1.000331,90,89.9702,12.8213,18432.723,8865.789,0,5120,1440
248.000447,0.999932,89,89.0061,12.7613,18432.93,8865.789,0,5120,1440
249.000524,1.000077,90,89.9931,12.9547,18433.07,8865.789,0,5120,1440
250.000486,0.999962,93,93.0035,25.9124,18448.141,8876.797,0,5120,1440
251.000566,1.00008,97,96.9922,13.8661,18448.605,8876.797,0,5120,1440
252.000526,0.999959,98,98.004,12.6958,18449.402,8877.422,1,5120,1440
253.000289,0.999763,98,98.0232,12.7634,18449.402,8877.422,1,5120,1440
254.000347,1.000058,98,97.9943,12.4993,18449.406,8877.422,1,5120,1440
255.000512,1.000165,100,99.9835,11.7819,18449.406,8877.422,1,5120,1440
256.00054,1.000028,100,99.9972,13.2809,18449.719,8877.863,1,5120,1440
257.000163,0.999623,99,99.0373,11.7883,18449.719,8877.863,1,5120,1440
258.000364,1.0002,94,93.9812,12.7579,18449.719,8877.863,1,5120,1440
259.000452,1.000089,91,90.9919,12.8244,18449.805,8877.863,1,5120,1440
260.000154,0.999702,91,91.0271,14.1969,18450.488,8878.176,1,5120,1440
261.000418,1.000263,93,92.9755,13.7334,18451.113,8878.238,1,5120,1440
262.000178,0.999761,93,93.0223,14.0659,18451.473,8885.441,1,5120,1440
263.00042,1.000242,93,92.9775,13.1479,18451.59,8885.441,1,5120,1440
264.000423,1.000003,95,94.9998,12.0442,18451.59,8885.441,1,5120,1440
265.000265,0.999842,89,89.014,13.5438,18451.715,8885.441,1,5120,1440
266.000574,1.000309,90,89.9722,12.4961,18451.996,8885.629,1,5120,1440
267.000452,0.999879,90,90.0109,12.4364,18452.098,8885.629,1,5120,1440
268.000243,0.999791,90,90.0188,13.5445,18367.566,8796.273,1,5120,1440
269.000706,1.000463,91,90.9579,12.3641,18376.926,8805.785,1,5120,1440
270.000138,0.999432,91,91.0517,12.5071,18381.402,8809.973,1,5120,1440
271.000303,1.000165,105,104.9827,13.0838,18383.398,8811.41,1,5120,1440
272.000174,0.999871,106,106.0136,13.0876,18383.629,8811.41,1,5120,1440
273.000764,1.00059,107,106.9369,12.883,18384.027,8811.66,1,5120,1440
274.000384,0.99962,106,106.0403,13.4817,18384.293,8811.723,1,5120,1440
275.000355,0.999971,105,105.003,12.5004,18384.441,8811.785,1,5120,1440
276.000411,1.000057,107,106.994,12.3691,18386.012,8812.977,1,5120,1440
277.000377,0.999966,105,105.0036,14.5838,18387.242,8813.414,1,5120,1440
278.000646,1.000269,101,100.9728,13.4729,18387.605,8813.414,1,5120,1440
279.000354,0.999708,101,101.0295,14.262,18399.957,8827.559,1,5120,1440
280.000256,0.999903,101,101.0098,13.9336,18400.301,8827.559,1,5120,1440
281.000216,0.99996,101,101.004,13.5422,18400.754,8827.559,1,5120,1440
282.0004,1.000183,101,100.9815,13.2137,18401.555,8827.996,1,5120,1440
283.000314,0.999915,98,98.0084,12.5662,18401.555,8827.996,1,5120,1440
284.000276,0.999962,98,98.0038,13.2167,18401.73,8827.996,1,5120,1440
285.000556,1.00028,100,99.972,13.4728,18402.125,8828.059,1,5120,1440
286.000207,0.999651,99,99.0346,14.5884,18403.199,8828.434,1,5120,1440
287.000693,1.000486,92,91.9553,49.9106,18710.406,9137.109,1,5120,1440
288.000225,0.999532,86,86.0403,52.238,18531.973,8950.238,1,5120,1440
289.000361,1.000136,88,87.9881,20.2447,18498.918,8915.855,1,5120,1440
290.00024,0.99988,88,88.0106,15.4967,18531.945,8949.668,1,5120,1440
291.000448,1.000208,94,93.9805,18.9414,18505.316,8928.375,1,5120,1440
292.000461,1.000012,95,94.9988,13.6717,18505.855,8928.375,1,5120,1440
293.000469,1.000008,96,95.9992,14.7134,18506.508,8928.375,1,5120,1440
294.000288,0.999819,99,99.018,13.8697,18506.898,8928.375,1,5120,1440
295.000199,0.999911,99,99.0088,12.8918,18508.09,8929.375,1,5120,1440
296.000217,1.000018,99,98.9982,13.2159,18508.176,8929.375,1,5120,1440
297.000493,1.000276,100,99.9724,12.6918,18508.305,8929.375,1,5120,1440
298.000554,1.000061,99,98.994,12.2388,18508.32,8929.375,0,5120,1440
299.000196,0.999642,96,96.0344,12.6999,18508.426,8929.375,0,5120,1440
300.000504,1.000308,93,92.9713,13.6026,18508.848,8929.375,0,5120,1440
301.000545,1.000041,92,91.9962,13.2807,18508.969,8929.375,0,5120,1440
302.000539,0.999994,91,91.0005,13.4115,18509.281,8929.375,0,5120,1440
303.000125,0.999586,86,86.0356,12.9611,18509.465,8929.375,0,5120,1440
304.000401,1.000276,88,87.9757,12.8871,18509.742,8929.434,1,5120,1440
305.000459,1.000058,90,89.9948,15.2335,18510.531,8929.379,1,5120,1440
306.000337,0.999878,89,89.0108,14.2595,18516.781,8935.016,1,5120,1440
307.000573,1.000235,84,83.9802,13.7337,18519.824,8935.641,1,5120,1440
308.000248,0.999676,83,83.0269,15.1742,18520.391,8935.641,1,5120,1440
309.000225,0.999977,82,82.0019,13.1513,18520.398,8935.641,1,5120,1440
310.000196,0.999971,83,83.0024,14.4535,18520.676,8936.516,1,5120,1440
311.00042,1.000224,85,84.981,12.6274,18520.781,8936.516,1,5120,1440
312.000324,0.999903,86,86.0083,13.3476,18521.047,8936.516,1,5120,1440
313.000265,0.999942,86,86.005,13.0867,18521.285,8935.453,1,5120,1440
314.000267,1.000001,86,85.9999,13.2161,18521.461,8935.453,1,5120,1440
315.000373,1.000107,85,84.9909,14.061,18521.988,8935.516,1,5120,1440
316.000272,0.999899,85,85.0086,18.231,18566.035,8986.859,1,5120,1440
317.00028,1.000008,89,88.9993,19.3358,18532.281,8951.137,1,5120,1440
318.000542,1.000262,88,87.9769,18.7451,18536.09,8953.453,1,5120,1440
319.000262,0.99972,91,91.0255,14.913,18536.441,8951.703,1,5120,1440
320.000393,1.000131,94,93.9877,14.8418,18536.781,8946.266,1,5120,1440
321.000276,0.999883,90,90.0106,15.3664,18538.445,8947.328,1,5120,1440
322.000542,1.000266,94,93.975,14.7096,18538.836,8947.328,1,5120,1440
323.000361,0.999819,100,100.0181,14.065,18538.957,8947.328,1,5120,1440
324.00024,0.999879,103,103.0125,13.5433,18539.051,8947.141,1,5120,1440
325.000518,1.000279,103,102.9713,14.0586,18539.254,8947.203,1,5120,1440
326.000215,0.999697,105,105.0319,13.8063,18539.293,8947.203,1,5120,1440
327.000232,1.000017,107,106.9981,13.0857,18539.387,8947.203,1,5120,1440
328.000485,1.000253,107,106.9729,14.4495,18539.676,8947.203,1,5120,1440
329.000417,0.999932,106,106.0072,13.9983,18539.82,8955.156,1,5120,1440
330.000568,1.00015,104,103.9844,13.1491,18539.828,8955.781,1,5120,1440
331.000116,0.999548,100,100.0452,13.9386,18540.469,8955.781,1,5120,1440
332.000173,1.000057,99,98.9943,13.5409,18540.777,8955.781,1,5120,1440
333.000488,1.000314,95,94.9701,11.4547,18540.785,8958.281,1,5120,1440
334.000553,1.000065,99,98.9935,12.8247,18540.785,8958.281,1,5120,1440
335.000452,0.999899,101,101.0102,13.4779,18541.02,8958.281,1,5120,1440
336.000559,1.000107,100,99.9893,12.7591,18541.02,8955.59,1,5120,1440
337.000154,0.999594,97,97.0394,13.2866,18541.43,8956.344,1,5120,1440
338.000462,1.000308,95,94.9708,12.1056,18541.43,8956.344,1,5120,1440
339.000487,1.000025,93,92.9976,11.7185,18541.586,8956.344,1,5120,1440
340.000224,0.999737,93,93.0244,11.9172,18541.586,8954.281,1,5120,1440
341.000307,1.000083,93,92.9923,14.1915,18541.836,8954.281,1,5120,1440
342.000325,1.000018,92,91.9983,13.6065,18542.113,8954.281,1,5120,1440
343.000365,1.00004,91,90.9964,12.8901,18542.375,8954.281,1,5120,1440
344.000307,0.999942,94,94.0055,13.4122,18542.746,8954.281,1,5120,1440
345.00027,0.999963,97,97.0036,13.6724,18543.27,8954.281,1,5120,1440
346.000338,1.000068,97,96.9934,13.8011,18543.699,8954.281,1,5120,1440
347.000527,1.000189,94,93.9822,14.5806,18544.332,8954.281,1,5120,1440
348.000212,0.999685,94,94.0296,12.9598,18544.438,8954.281,1,5120,1440
349.000715,1.000503,94,93.9527,12.5588,18544.652,8954.281,1,5120,1440
350.000281,0.999566,92,92.0399,12.31,18544.652,8954.281,0,5120,1440
351.0004,1.000119,90,89.9893,12.4334,18544.652,8954.281,0,5120,1440
352.000458,1.000059,102,101.994,12.2389,18544.652,8954.281,0,5120,1440
353.001539,1.001081,101,100.891,13.1368,18544.961,8954.281,0,5120,1440
354.000222,0.998683,102,102.1345,11.8646,18544.961,8954.281,0,5120,1440
355.000367,1.000145,100,99.9855,13.084,18544.961,8954.281,0,5120,1440
356.000173,0.999807,101,101.0195,12.0466,18545.086,8954.281,0,5120,1440
357.000267,1.000093,103,102.9904,11.5224,18545.086,8954.281,0,5120,1440
358.00013,0.999863,99,99.0135,12.697,18545.344,8955.531,0,5120,1440
359.000383,1.000253,91,90.977,16.7275,18563.766,8973.254,0,5120,1440
360.000267,0.999884,89,89.0104,13.6735,18564.656,8973.379,0,5120,1440
361.000287,1.00002,90,89.9982,12.8904,18565.004,8973.379,0,5120,1440
362.00039,1.000103,99,98.9898,12.3034,18565.062,8973.379,0,5120,1440
363.000279,0.999889,101,101.0112,12.1107,18565.062,8973.379,0,5120,1440
364.000206,0.999927,99,99.0072,11.7847,18565.062,8973.379,0,5120,1440
365.000305,1.0001,99,98.9901,12.2384,18565.062,8973.379,0,5120,1440
366.000561,1.000256,100,99.9744,12.1063,18565.062,8973.379,0,5120,1440
367.000531,0.99997,104,104.0032,13.3468,18565.172,8973.434,1,5120,1440
368.00033,0.999799,104,104.0209,12.242,18565.359,8973.379,1,5120,1440
369.000136,0.999806,99,99.0193,14.3257,18565.891,8973.473,1,5120,1440
370.000138,1.000002,94,93.9998,12.3047,18566.812,8974.785,1,5120,1440
371.000158,1.00002,97,96.9981,21.0933,18580.488,8994.133,1,5120,1440
372.000399,1.000241,98,97.9764,12.9526,18580.645,8994.133,1,5120,1440
373.000539,1.00014,99,98.9862,12.2379,18580.645,8992.07,1,5120,1440
374.00041,0.999871,98,98.0126,13.4132,18589.227,8999.453,1,5120,1440
375.000274,0.999864,99,99.0135,16.6038,18590.449,8999.453,1,5120,1440
376.000391,1.000117,99,98.9884,12.3032,18590.449,8999.453,1,5120,1440
377.000482,1.000091,99,98.991,11.9781,18590.566,8998.078,1,5120,1440
378.000479,0.999997,100,100.0003,12.3047,18590.637,8998.078,1,5120,1440
379.000325,0.999846,96,96.0148,18.1669,18592.91,8998.516,1,5120,1440
380.000261,0.999936,96,96.0061,12.8914,18593.172,8998.516,1,5120,1440
381.000208,0.999947,97,97.0051,12.1751,18593.172,8998.516,1,5120,1440
382.000338,1.00013,96,95.9875,12.4984,18593.172,8997.828,1,5120,1440
383.000207,0.999869,96,96.0125,12.9574,18593.172,8997.828,1,5120,1440
384.00033,1.000122,96,95.9883,13.1494,18594.891,9000.711,1,5120,1440
385.000505,1.000176,93,92.9836,15.9477,18595.562,9000.711,1,5120,1440
386.000349,0.999844,93,93.0145,13.4787,18595.73,9000.711,1,5120,1440
387.000197,0.999848,94,94.0143,12.0461,18595.73,8999.648,1,5120,1440
388.000167,0.99997,98,98.003,18.4901,18597.77,8999.715,1,5120,1440
389.000255,1.000088,100,99.9912,11.9781,18597.77,8999.715,1,5120,1440
390.000342,1.000087,100,99.9913,11.6526,18597.77,8999.715,1,5120,1440
391.000535,1.000192,99,98.9809,12.1721,18597.77,8999.715,1,5120,1440
392.000131,0.999597,96,96.0387,12.8307,18597.773,8999.715,1,5120,1440
393.000438,1.000306,97,96.9703,12.1057,18597.973,8999.715,1,5120,1440
394.000459,1.000021,96,95.998,13.932,18597.973,8999.715,1,5120,1440
395.000345,0.999886,96,96.0109,14.2594,18598.309,9008.484,1,5120,1440
396.000573,1.000228,101,100.977,12.1066,18598.309,9008.484,1,5120,1440
397.000261,0.999688,100,100.0312,18.2349,18601.199,9009.797,1,5120,1440
398.000486,1.000225,100,99.9775,11.3907,18601.199,9009.797,1,5120,1440
399.000252,0.999766,100,100.0234,12.5681,18601.199,9009.797,1,5120,1440
400.000187,0.999936,100,100.0065,12.3706,18601.199,9009.797,1,5120,1440
401.000149,0.999961,99,99.0038,11.8494,18601.199,9009.797,1,5120,1440
402.000215,1.000067,100,99.9933,12.6294,18601.773,9009.797,1,5120,1440
403.000239,1.000023,87,86.998,38.1502,19011.652,9641.227,1,5120,1440
404.003097,1.002859,84,83.7606,80.3043,19049.367,9678.363,1,5120,1440
405.001254,0.998157,83,83.1533,80.813,19082.652,9708.621,1,5120,1440
406.001259,1.000005,78,77.9996,84.7001,19151.652,9754.902,1,5120,1440
407.000784,0.999526,82,82.0389,81.4188,19165.02,9764.543,1,5120,1440
408.001995,1.001211,77,76.9069,84.6631,19152.176,9745.23,1,5120,1440
409.00253,1.000535,80,79.9572,83.0285,19170.195,9758.387,1,5120,1440
410.000513,0.997983,77,77.1556,84.2194,19200.84,9784.977,1,5120,1440
411.000496,0.999984,79,79.0013,81.9024,19103.863,9683.027,1,5120,1440
412.0005,1.000004,85,84.9997,72.8513,19149.238,9735.527,1,5120,1440
413.000543,1.000043,90,89.9961,54.2294,19028.66,9611.223,1,5120,1440
414.000438,0.999895,91,91.0096,25.3282,18851.504,9430.508,1,5120,1440
415.000376,0.999938,91,91.0057,23.8947,18959.902,9541.41,1,5120,1440
416.000485,1.000109,90,89.9902,23.1746,18964.23,9542.41,1,5120,1440
417.000164,0.999679,87,87.0279,13.1553,18964.363,9542.41,1,5120,1440
418.000147,0.999983,87,87.0015,16.2763,18965.465,9550.723,1,5120,1440
419.000114,0.999967,86,86.0028,12.8911,18965.539,9559.852,1,5120,1440
420.000464,1.000349,87,86.9696,15.3592,18966.285,9559.852,1,5120,1440
421.000419,0.999955,86,86.0039,13.0865,18966.383,9558.477,1,5120,1440
422.000476,1.000058,93,92.9946,14.1268,18966.941,9551.73,1,5120,1440
423.00034,0.999864,100,100.0136,15.4969,18967.984,9551.73,1,5120,1440
424.000338,0.999998,103,103.0002,12.8255,18968.109,9543.977,1,5120,1440
425.000474,1.000136,103,102.986,12.2379,18968.109,9543.977,1,5120,1440
426.000343,0.999869,102,102.0133,12.8272,18968.223,9543.227,1,5120,1440
427.000459,1.000115,100,99.9885,12.108,18968.223,9543.227,1,5120,1440
428.000363,0.999904,103,103.0099,24.4164,18972.082,9553.375,1,5120,1440
429.000548,1.000185,104,103.9808,13.7995,18972.441,9553.375,1,5120,1440
430.000481,0.999933,100,100.0067,12.9566,18972.441,9553.375,1,5120,1440
431.000464,0.999983,98,98.0017,11.7189,18972.441,9553.375,1,5120,1440
432.000404,0.99994,104,104.0062,12.3705,18972.566,9553.375,1,5120,1440
433.000386,0.999982,101,101.0018,14.193,18973.16,9553.688,1,5120,1440
434.000267,0.999881,97,97.0115,15.4315,18973.484,9553.688,1,5120,1440
435.00027,1.000002,97,96.9998,14.7135,18973.699,9553.688,1,5120,1440
436.000276,1.000006,96,95.9994,13.2161,18973.699,9553.438,1,5120,1440
437.000443,1.000167,85,84.9858,12.1074,18973.734,9553.438,1,5120,1440
438.000131,0.999688,25,25.0078,7.3591,19082.18,9638.785,1,5120,1440
439.000221,1.00009,1,0.9999,13.8008,19098.145,9682.281,1,5120,1440
440.000536,1.000315,0,0.0,11.65,19098.145,9682.281,1,5120,1440
441.000356,0.99982,0,0.0,10.7441,19098.145,9682.281,1,5120,1440
442.000442,1.000086,0,0.0,11.3922,19098.207,9682.281,1,5120,1440
443.000135,0.999693,0,0.0,11.9828,19098.207,9682.281,1,5120,1440
444.000411,1.000276,0,0.0,12.3664,19098.207,9682.281,1,5120,1440
445.00033,0.999919,0,0.0,12.501,19098.207,9682.281,1,5120,1440
446.000236,0.999906,0,0.0,12.3058,19098.207,9682.281,1,5120,1440
447.000312,1.000075,0,0.0,11.7179,19098.207,9682.281,1,5120,1440
448.000172,0.999861,0,0.0,12.7622,19098.332,9682.281,1,5120,1440
449.000292,1.00012,0,0.0,10.9362,19098.332,9682.281,1,5120,1440
450.000136,0.999844,0,0.0,11.4601,19098.332,9682.281,1,5120,1440
451.00007,0.999933,0,0.0,11.5242,19098.332,9682.281,1,5120,1440
452.000114,1.000044,0,0.0,11.2625,19098.332,9682.281,1,5120,1440
453.000539,1.000426,0,0.0,11.1932,19098.332,9682.281,1,5120,1440
454.000551,1.000012,0,0.0,11.5233,19098.332,9682.281,1,5120,1440
455.000473,0.999922,0,0.0,10.8081,19098.395,9682.281,1,5120,1440
456.000531,1.000058,0,0.0,11.1973,19098.395,9682.281,1,5120,1440
457.000188,0.999657,0,0.0,11.7879,19098.457,9682.281,1,5120,1440
458.000528,1.000339,0,0.0,11.1941,19098.582,9682.281,1,5120,1440
459.000123,0.999596,0,0.0,11.1373,19098.707,9682.281,1,5120,1440
460.000286,1.000162,0,0.0,11.2612,19098.895,9682.281,1,5120,1440
461.000219,0.999933,0,0.0,10.9382,19099.02,9682.281,1,5120,1440
462.000507,1.000288,0,0.0,10.674,19099.207,9682.281,1,5120,1440
463.000083,0.999576,0,0.0,11.0724,19099.27,9682.281,1,5120,1440
464.000521,1.000438,0,0.0,10.6724,19099.395,9682.281,1,5120,1440
465.00054,1.000019,0,0.0,11.3279,19099.457,9682.281,1,5120,1440
466.000232,0.999692,0,0.0,12.8295,18932.551,9505.805,1,5120,1440
467.000534,1.000302,72,71.9783,33.7138,19160.172,9736.957,1,5120,1440
468.000353,0.999819,83,83.0151,36.2045,19143.391,9709.57,1,5120,1440
469.000305,0.999952,80,80.0038,29.5587,19133.52,9694.172,1,5120,1440
470.000292,0.999987,72,72.001,30.9249,19185.762,9728.012,1,5120,1440
471.000516,1.000224,81,80.9819,31.243,19200.242,9739.758,1,5120,1440
472.000437,0.999921,65,65.0051,33.2057,19287.094,9861.504,1,5120,1440
473.000508,1.000071,61,60.9957,30.3364,19335.504,9933.512,1,5120,1440
474.000557,1.000049,61,60.997,32.2901,19366.148,9957.984,1,5120,1440
475.000507,0.99995,58,58.0029,32.098,19386.102,9981.418,1,5120,1440
476.000207,0.9997,57,57.0171,31.7804,19394.398,9983.922,1,5120,1440
477.000496,1.000289,57,56.9835,24.2768,19401.133,9987.121,1,5120,1440
478.000574,1.000078,56,55.9956,27.602,19463.828,10064.371,1,5120,1440
479.000464,0.99989,59,59.0065,34.3788,19485.703,10080.605,1,5120,1440
480.000406,0.999942,59,59.0034,31.7727,19492.715,10095.57,1,5120,1440
481.00036,0.999954,57,57.0026,30.7957,19519.887,10115.902,1,5120,1440
482.000207,0.999847,54,54.0082,31.1245,19537.043,10127.859,1,5120,1440
483.000134,0.999926,55,55.0041,30.8616,19541.184,10126.422,1,5120,1440
484.000086,0.999952,56,56.0027,18.0998,19542.004,10128.484,1,5120,1440
485.00021,1.000124,58,57.9928,17.8363,19542.773,10128.484,1,5120,1440
486.000385,1.000175,58,57.9899,16.4685,19542.961,10128.484,1,5120,1440
487.000227,0.999843,59,59.0093,17.1902,19542.98,10128.484,1,5120,1440
488.000388,1.000161,59,58.9905,19.9838,19545.656,10130.234,1,5120,1440
489.00027,0.999882,61,61.0072,17.8407,19546.148,10130.234,1,5120,1440
490.00056,1.00029,61,60.9823,17.3778,19546.148,10130.234,1,5120,1440
491.000399,0.99984,60,60.0096,15.9531,19546.152,10130.234,1,5120,1440
492.000403,1.000003,60,59.9998,16.0807,19546.176,10130.234,1,5120,1440
493.000691,1.000288,60,59.9827,17.1825,19547.492,10131.797,1,5120,1440
494.000162,0.999471,63,63.0334,34.5235,19606.402,10187.617,1,5120,1440
495.000123,0.999961,64,64.0025,19.4018,19572.117,10153.539,1,5120,1440
496.000177,1.000054,64,63.9965,17.0564,19575.543,10174.066,1,5120,1440
497.000166,0.999989,65,65.0007,24.9352,19592.207,10186.863,1,5120,1440
498.00041,1.000244,65,64.9841,22.6507,19596.672,10190.812,1,5120,1440
499.000382,0.999972,67,67.0019,18.7505,19597.344,10190.82,1,5120,1440
500.000566,1.000184,62,61.9886,18.356,19607.672,10200.395,1,5120,1440
501.000179,0.999613,59,59.0228,15.8264,19614.676,10207.102,1,5120,1440
502.000522,1.000343,58,57.9801,14.6434,19616.211,10206.414,1,5120,1440
503.000382,0.99986,74,74.0104,15.8225,19622.418,10212.09,1,5120,1440
504.000505,1.000123,77,76.9905,15.1674,19622.418,10212.09,1,5120,1440
505.000215,0.99971,77,77.0223,14.7829,19622.496,10212.09,1,5120,1440
506.000254,1.000039,75,74.9971,14.9083,19623.961,10212.902,1,5120,1440
507.000158,0.999904,76,76.0073,16.0172,19624.48,10212.902,1,5120,1440
508.000494,1.000337,74,73.9751,16.7261,19624.941,10212.902,1,5120,1440
509.000312,0.999818,63,63.0115,17.7116,19636.293,10228.641,1,5120,1440
510.000415,1.000103,52,51.9946,25.9739,19678.305,10286.301,1,5120,1440
511.000415,1.0,52,52.0,19.0755,19684.152,10291.168,1,5120,1440
512.00009,0.999675,49,49.0159,26.7014,19788.574,10396.211,1,5120,1440
513.000466,1.000376,51,50.9808,26.8128,19706.195,10308.609,1,5120,1440
514.000399,0.999933,72,72.0048,24.9366,19780.625,10384.809,1,5120,1440
515.000461,1.000062,82,81.9949,22.72,19725.164,10326.16,1,5120,1440
516.000138,0.999677,77,77.0249,16.8023,19725.68,10326.16,1,5120,1440
517.000561,1.000423,70,69.9704,16.3342,19726.117,10326.16,1,5120,1440
518.000366,0.999805,66,66.0129,17.256,19704.934,10304.199,1,5120,1440
519.000539,1.000173,68,67.9883,14.6459,19704.762,10303.887,1,5120,1440
520.000484,0.999945,68,68.0037,14.6492,19706.441,10301.949,1,5120,1440
521.000516,1.000032,58,57.9982,20.5723,19716.402,10310.312,1,5120,1440
522.000335,0.999818,60,60.0109,15.3674,19709.902,10303.867,1,5120,1440
523.000282,0.999948,62,62.0032,15.105,19716.703,10310.867,1,5120,1440
524.000532,1.00025,76,75.981,16.5323,19717.418,10311.992,1,5120,1440
525.000126,0.999594,78,78.0317,16.2175,19711.637,10305.805,1,5120,1440
526.000089,0.999963,78,78.0029,16.1464,19717.32,10311.617,1,5120,1440
527.000452,1.000363,62,61.9775,25.1862,19774.414,10367.746,0,5120,1440
528.000413,0.999961,62,62.0024,17.2533,19729.242,10321.348,0,5120,1440
529.000266,0.999852,61,61.009,14.9762,19723.793,10315.66,0,5120,1440
530.000455,1.000189,62,61.9883,14.4504,19723.797,10315.66,0,5120,1440
531.000089,0.999634,61,61.0224,14.3282,19723.797,10315.66,0,5120,1440
532.000542,1.000453,63,62.9715,16.0084,19723.797,10315.66,0,5120,1440
533.000171,0.99963,61,61.0226,15.8262,19729.785,10321.723,0,5120,1440
534.000147,0.999976,62,62.0015,14.8441,19723.914,10315.777,1,5120,1440
535.000417,1.00027,55,54.9852,32.5433,20104.414,10705.395,1,5120,1440
536.000288,0.999871,43,43.0055,65.5032,20063.445,10661.188,1,5120,1440
537.000406,1.000118,42,41.995,64.5757,19921.012,10516.988,1,5120,1440
538.000261,0.999855,41,41.0059,59.579,19954.734,10550.602,1,5120,1440
539.000367,1.000106,49,48.9948,36.5847,19854.395,10447.012,1,5120,1440
540.000544,1.000177,52,51.9908,26.2974,19787.473,10374.41,1,5120,1440
541.000183,0.999639,55,55.0199,22.2737,19791.199,10374.145,1,5120,1440
542.00025,1.000067,66,65.9956,16.4051,19792.652,10392.301,1,5120,1440
543.000169,0.999919,66,66.0054,15.8867,19793.176,10392.301,1,5120,1440
544.000449,1.00028,66,65.9815,14.1236,19793.176,10392.301,1,5120,1440
545.000286,0.999836,65,65.0106,17.4508,19795.512,10394.363,1,5120,1440
546.000489,1.000204,66,65.9866,17.184,19795.812,10394.426,1,5120,1440
547.000317,0.999828,65,65.0112,15.8881,19796.059,10394.426,1,5120,1440
548.000116,0.999799,66,66.0133,17.777,19796.559,10394.426,1,5120,1440
549.000442,1.000326,66,65.9785,15.2945,19796.559,10394.426,1,5120,1440
550.000132,0.99969,68,68.0211,15.3042,19796.559,10394.426,1,5120,1440
551.000334,1.000202,68,67.9862,14.9709,19796.648,10394.426,1,5120,1440
552.000086,0.999752,69,69.0171,16.4103,19796.773,10394.426,1,5120,1440
553.000385,1.000298,68,67.9797,15.8156,19796.871,10394.426,1,5120,1440
554.000193,0.999809,64,64.0123,17.1257,19810.641,10407.574,1,5120,1440
555.000406,1.000213,56,55.9881,18.8111,19811.953,10407.574,1,5120,1440
556.000162,0.999756,58,58.0142,16.9312,19812.602,10407.574,1,5120,1440
557.000389,1.000228,58,57.9868,15.7516,19812.602,10407.574,1,5120,1440
558.000445,1.000055,57,56.9968,14.9731,19812.762,10407.574,1,5120,1440
559.00048,1.000035,58,57.998,19.0098,19813.98,10407.824,1,5120,1440
560.000467,0.999988,57,57.0007,14.5184,19814.023,10407.824,1,5120,1440
561.000513,1.000045,56,55.9975,15.5592,19814.023,10407.824,1,5120,1440
562.000251,0.999738,58,58.0152,15.3686,19814.238,10407.824,1,5120,1440
563.000215,0.999965,56,56.002,14.8443,19819.297,10412.895,1,5120,1440
564.000197,0.999982,56,56.001,28.7115,19832.168,10420.91,1,5120,1440
565.00039,1.000193,57,56.989,18.8115,19832.547,10420.91,1,5120,1440
566.000201,0.999811,58,58.011,16.9303,19832.609,10420.91,1,5120,1440
567.000111,0.99991,56,56.0051,18.947,19833.527,10420.785,1,5120,1440
568.000571,1.00046,57,56.9738,19.262,19834.098,10420.785,1,5120,1440
569.000105,0.999534,58,58.0271,16.8047,19834.172,10420.785,1,5120,1440
570.000202,1.000098,57,56.9944,17.7066,19834.363,10420.785,1,5120,1440
571.000488,1.000286,75,74.9785,18.6145,19842.871,10428.867,1,5120,1440
572.000611,1.000123,87,86.9893,12.3032,19842.871,10428.867,1,5120,1440
573.000422,0.999811,79,79.0149,17.1256,19845.957,10430.809,1,5120,1440
574.000384,0.999962,56,56.0021,19.532,19849.539,10433.25,1,5120,1440
575.00043,1.000046,55,54.9975,17.9028,19850.09,10433.25,1,5120,1440
576.000487,1.000058,56,55.9968,16.4053,19850.18,10432.062,1,5120,1440
577.000118,0.99963,60,60.0222,16.0215,19851.582,10433.312,1,5120,1440
578.000332,1.000214,56,55.988,15.5566,19851.77,10433.312,1,5120,1440
579.000219,0.999888,55,55.0062,16.0825,19851.945,10433.312,1,5120,1440
580.000256,1.000036,55,54.998,16.8614,19852.348,10433.312,1,5120,1440
581.000465,1.00021,55,54.9885,16.4679,19852.48,10433.312,1,5120,1440
582.000413,0.999948,55,55.0029,18.165,19852.875,10433.312,1,5120,1440
583.000337,0.999923,64,64.0049,24.8717,19864.203,10443.461,1,5120,1440
584.000379,1.000042,66,65.9972,16.5358,19861.883,10441.148,1,5120,1440
585.000239,0.99986,66,66.0092,17.3852,19860.859,10440.207,1,5120,1440
586.000544,1.000305,67,66.9796,15.1647,19862.207,10438.898,1,5120,1440
587.000556,1.000012,66,65.9992,16.992,19854.824,10430.332,1,5120,1440
588.000555,0.999999,58,58.0,16.7318,19881.391,10481.516,1,5120,1440
589.00029,0.999735,54,54.0143,18.4294,19883.715,10484.277,1,5120,1440
590.000361,1.000072,57,56.9959,19.7252,19885.98,10484.715,1,5120,1440
591.000393,1.000031,61,60.9981,15.0386,19881.113,10478.09,1,5120,1440
592.000464,1.000072,57,56.9959,17.7071,19886.824,10483.152,1,5120,1440
593.000201,0.999737,55,55.0145,18.0386,19882.09,10474.586,1,5120,1440
594.000531,1.00033,54,53.9822,19.5899,19891.91,10483.348,1,5120,1440
595.00044,0.999909,56,56.0051,16.4077,19883.508,10474.777,1,5120,1440
596.000378,0.999938,48,48.003,25.0016,19923.73,10528.734,1,5120,1440
597.000551,1.000173,47,46.9919,29.6173,19934.297,10534.219,1,5120,1440
598.000417,0.999866,46,46.0062,19.6641,19939.891,10551.809,1,5120,1440
599.00028,0.999863,45,45.0062,24.9383,19992.137,10597.895,1,5120,1440
600.000446,1.000166,47,46.9922,31.1146,19999.902,10604.461,1,5120,1440
601.000622,1.000175,46,45.9919,32.6115,20026.539,10636.25,1,5120,1440
602.000559,0.999938,45,45.0028,31.8379,20033.066,10640.141,1,5120,1440
603.000234,0.999675,50,50.0163,31.2602,20040.707,10643.598,1,5120,1440
604.000576,1.000342,55,54.9812,29.8726,20048.031,10647.723,1,5120,1440
605.000126,0.99955,57,57.0257,25.4672,20054.469,10651.934,1,5120,1440
606.000189,1.000063,55,54.9965,21.6783,20054.539,10652.566,1,5120,1440
607.000542,1.000353,59,58.9792,25.7071,20063.934,10840.801,1,5120,1440
608.000243,0.999701,72,72.0215,24.226,20072.383,10846.176,1,5120,1440
609.00044,1.000197,50,49.9902,15.4917,20067.457,10868.676,1,5120,1440
610.000314,0.999874,39,39.0049,22.2684,20323.023,11337.23,1,5120,1440
611.00196,1.001646,97,96.8406,74.5518,20469.684,11487.332,1,5120,1440
612.000427,0.998467,110,110.1689,80.3315,20473.148,11489.242,1,5120,1440
613.000407,0.99998,55,55.0011,78.7776,20485.418,11539.289,1,5120,1440
614.000565,1.000159,29,28.9954,47.193,20383.746,11467.383,1,5120,1440
615.000141,0.999575,30,30.0127,16.9343,20133.402,11207.133,1,5120,1440
616.000177,1.000037,30,29.9989,9.7002,20133.402,11207.133,1,5120,1440
617.000452,1.000274,31,30.9915,11.5854,20013.922,11089.195,1,5120,1440
618.000488,1.000036,45,44.9984,50.9096,20267.168,11352.977,1,5120,1440
619.000304,0.999816,50,50.0092,38.2232,20072.207,11144.895,1,5120,1440
620.000228,0.999924,56,56.0043,29.2991,20086.008,11154.465,1,5120,1440
621.000195,0.999967,52,52.0017,29.4932,20097.09,11160.668,1,5120,1440
622.00023,1.000035,48,47.9983,24.9991,20106.707,11169.727,1,5120,1440
623.000429,1.000199,49,48.9903,23.8234,20111.523,11174.164,1,5120,1440
624.000656,1.000228,50,49.9886,14.5149,20095.848,11167.32,1,5120,1440
625.000321,0.999665,53,53.0178,14.6533,20095.973,11167.008,1,5120,1440
626.000319,0.999998,51,51.0001,13.6719,20096.855,11168.32,1,5120,1440
627.000349,1.00003,51,50.9985,14.8433,20105.008,11212.762,1,5120,1440
628.0002,0.999851,49,49.0073,15.1064,20105.867,11213.762,1,5120,1440
629.000471,1.000272,50,49.9864,15.2302,20108.516,11218.824,1,5120,1440
630.000415,0.999943,54,54.0031,16.2119,20108.477,11218.762,1,5120,1440
631.000359,0.999944,54,54.003,15.0399,20109.117,11219.824,1,5120,1440
632.000098,0.999739,56,56.0146,14.9127,20108.578,11218.949,1,5120,1440
633.000582,1.000484,59,58.9715,14.0557,20108.684,11218.574,1,5120,1440
634.000127,0.999545,59,59.0268,14.8505,20108.758,11235.074,1,5120,1440
635.000229,1.000102,60,59.9939,14.9724,20108.617,11235.387,1,5120,1440
636.000418,1.000189,57,56.9892,13.2136,20108.773,11235.762,1,5120,1440
637.000208,0.999789,57,57.012,14.912,20109.016,11236.074,1,5120,1440
638.000425,1.000217,58,57.9874,15.4914,20109.035,11235.199,1,5120,1440
639.000083,0.999658,53,53.0181,15.2396,20111.77,11272.805,1,5120,1440
640.000578,1.000495,48,47.9762,15.6823,20112.172,11279.93,1,5120,1440
641.000241,0.999663,50,50.0169,14.9139,20112.094,11279.555,1,5120,1440
642.000278,1.000038,54,53.998,14.5177,20112.449,11279.305,1,5120,1440
643.000266,0.999988,58,58.0007,15.0392,20112.484,11279.055,1,5120,1440
644.000454,1.000188,63,62.9882,13.1486,20113.168,11279.68,1,5120,1440
645.000293,0.999839,65,65.0104,13.6741,20113.059,11279.492,1,5120,1440
646.000127,0.999834,64,64.0107,15.9532,20113.121,11279.68,1,5120,1440
647.000315,1.000188,68,67.9872,13.3438,20144.699,11312.363,1,5120,1440
648.000416,1.000101,75,74.9924,18.4226,20113.465,11281.742,1,5120,1440
649.000362,0.999946,66,66.0036,13.6075,20115.961,11284.492,1,5120,1440
650.000793,1.000432,63,62.9728,12.9501,20117.211,11285.992,1,5120,1440
651.000238,0.999445,57,57.0317,15.2428,20117.891,11284.555,1,5120,1440
652.000472,1.000234,58,57.9864,14.9705,20118.055,11285.367,1,5120,1440
653.000575,1.000103,51,50.9948,14.9073,20119.797,11287.613,1,5120,1440
654.000198,0.999623,45,45.017,15.7611,20119.633,11287.363,1,5120,1440
655.000311,1.000113,43,42.9951,15.493,20132.887,11299.934,1,5120,1440
656.00057,1.000259,45,44.9883,15.2304,20133.184,11300.309,1,5120,1440
657.000452,0.999881,48,48.0057,14.9106,20133.098,11300.121,1,5120,1440
658.000317,0.999865,60,60.0081,14.9109,20133.25,11299.621,1,5120,1440
659.000428,1.000111,61,60.9932,14.4515,20133.395,11299.746,1,5120,1440
660.000555,1.000127,56,55.9929,15.3626,20133.535,11301.684,1,5120,1440
661.000455,0.9999,55,55.0055,15.9521,20134.027,11302.184,1,5120,1440
662.000123,0.999669,48,48.0159,15.8907,20134.406,11301.309,1,5120,1440
663.000127,1.000004,46,45.9998,15.2343,20134.891,11301.684,1,5120,1440
664.000486,1.000359,59,58.9788,17.5718,20135.012,11301.621,1,5120,1440
665.000225,0.999739,50,50.0131,15.9547,20135.105,11301.246,1,5120,1440
666.000093,0.999868,43,43.0057,16.2131,20141.426,11313.566,1,5120,1440
667.000504,1.000411,43,42.9823,15.2932,20146.039,11319.801,1,5120,1440
668.000245,0.999741,45,45.0117,15.4988,20145.93,11319.633,1,5120,1440
669.000511,1.000266,46,45.9878,15.751,20146.043,11319.633,1,5120,1440
670.000173,0.999661,45,45.0152,15.1744,20150.289,11322.32,1,5120,1440
671.000545,1.000372,47,46.9825,15.489,20150.359,11322.32,1,5120,1440
672.000422,0.999877,50,50.0062,14.52,20150.586,11322.258,1,5120,1440
673.000129,0.999707,56,56.0164,13.9364,20151.219,11323.008,1,5120,1440
674.000505,1.000376,51,50.9808,14.4477,20151.418,11324.32,1,5120,1440
675.000541,1.000036,53,52.9981,14.713,20151.441,11324.32,1,5120,1440
676.00036,0.999819,47,47.0085,15.172,20151.5,11324.195,1,5120,1440
677.000456,1.000096,46,45.9956,15.6886,20151.527,11322.945,1,5120,1440
678.000184,0.999728,48,48.013,15.0431,20152.531,11323.965,1,5120,1440
679.000389,1.000206,48,47.9901,15.9472,20152.809,11324.215,1,5120,1440
680.00028,0.999891,50,50.0054,16.7987,20153.02,11324.465,1,5120,1440
681.000095,0.999814,51,51.0095,15.4977,20153.184,11324.59,1,5120,1440
682.000663,1.000569,51,50.971,14.7702,20154.359,11333.078,1,5120,1440
683.000503,0.99984,53,53.0085,15.4322,20163.82,11342.789,1,5120,1440
684.000225,0.999722,57,57.0158,14.1967,20163.855,11342.789,1,5120,1440
685.000466,1.00024,60,59.9856,15.2307,20163.867,11336.535,1,5120,1440
686.000527,1.000062,59,58.9964,15.1032,20164.082,11336.535,1,5120,1440
687.000224,0.999697,61,61.0185,13.8714,20164.344,11336.535,1,5120,1440
688.000148,0.999924,61,61.0047,13.6078,20167.992,11339.703,1,5120,1440
689.000178,1.00003,64,63.9981,13.2158,20168.094,11339.703,1,5120,1440
690.000597,1.000419,51,50.9786,61.1723,20567.301,11746.613,1,5120,1440
691.003133,1.002536,52,51.8685,68.4462,20593.891,11777.258,1,5120,1440
692.000396,0.997264,54,54.1482,71.0277,20533.57,11726.648,1,5120,1440
693.000406,1.000009,64,63.9994,37.109,20438.695,11623.684,1,5120,1440
694.000212,0.999807,61,61.0118,28.6514,20445.406,11630.668,1,5120,1440
695.000273,1.00006,60,59.9964,18.5536,20346.059,11527.473,1,5120,1440
696.000328,1.000056,58,57.9968,16.4053,20346.102,11527.473,1,5120,1440
697.000536,1.000208,60,59.9875,15.0359,20346.105,11527.473,1,5120,1440
698.000176,0.999639,59,59.0213,16.4773,20346.629,11527.473,1,5120,1440
699.000125,0.99995,54,54.0027,20.6391,20417.961,11600.066,1,5120,1440
700.000457,1.000331,53,52.9824,24.8616,20380.988,11561.961,1,5120,1440
701.000404,0.999947,49,49.0026,19.7276,20347.277,11527.473,1,5120,1440
702.000439,1.000035,56,55.998,16.4708,20347.355,11542.441,1,5120,1440
703.000449,1.00001,55,54.9995,15.9504,20347.891,11542.566,1,5120,1440
704.000537,1.000088,63,62.9945,15.2981,20347.891,11542.566,1,5120,1440
705.000552,1.000015,59,58.9991,14.518,20347.898,11542.566,1,5120,1440
706.000391,0.99984,56,56.009,15.4973,20347.902,11542.566,1,5120,1440
707.00029,0.999899,57,57.0058,15.887,20347.902,11542.566,1,5120,1440
708.000534,1.000244,61,60.9851,16.207,20348.039,11542.566,1,5120,1440
709.000214,0.99968,65,65.0208,12.4389,20348.043,11542.566,1,5120,1440
710.000461,1.000247,58,57.9857,15.2306,20348.043,11542.566,1,5120,1440
711.000661,1.0002,58,57.9884,15.4266,20348.043,11542.566,1,5120,1440
712.000362,0.999701,54,54.0162,14.2621,20348.051,11542.691,1,5120,1440
713.000436,1.000075,53,52.996,13.9313,20348.055,11543.254,1,5120,1440
714.000531,1.000095,55,54.9948,14.3216,20348.055,11543.254,1,5120,1440
715.000656,1.000125,54,53.9933,14.7768,20348.055,11543.254,1,5120,1440
716.00045,0.999794,55,55.0113,15.0422,20348.062,11543.254,1,5120,1440
717.000329,0.999879,54,54.0065,15.1711,20348.066,11543.629,1,5120,1440
718.000557,1.000228,50,49.9886,16.728,20348.074,11543.629,1,5120,1440
719.00014,0.999584,55,55.0229,14.7197,20348.074,11543.629,1,5120,1440
720.000552,1.000412,59,58.9757,14.3821,20348.074,11543.254,1,5120,1440
721.000566,1.000014,62,61.9991,12.9555,20348.074,11543.254,1,5120,1440
722.00052,0.999953,64,64.003,14.584,20348.074,11543.379,1,5120,1440
723.000227,0.999707,70,70.0205,14.5225,20348.074,11543.379,1,5120,1440
724.000394,1.000167,71,70.9881,13.4092,20348.074,11543.504,1,5120,1440
725.000456,1.000062,71,70.9956,13.671,20348.078,11543.504,1,5120,1440
726.000096,0.99964,73,73.0263,13.3512,20348.078,11543.566,1,5120,1440
727.000432,1.000336,72,71.9758,12.7561,20348.211,11544.191,1,5120,1440
728.000422,0.99999,70,70.0007,12.435,20348.32,11545.254,1,5120,1440
729.000224,0.999802,74,74.0147,13.6746,20348.32,11545.254,1,5120,1440
730.000129,0.999905,73,73.007,13.8034,20348.32,11544.566,1,5120,1440
731.000207,1.000078,67,66.9947,15.2983,20348.324,11543.566,1,5120,1440
732.000094,0.999887,63,63.0071,18.5568,20348.328,11543.566,1,5120,1440
733.000316,1.000223,59,58.9869,14.6452,20348.43,11543.566,1,5120,1440
734.00044,1.000124,63,62.9922,15.1674,20348.43,11543.566,1,5120,1440
735.000291,0.999851,64,64.0096,15.8878,20348.43,11543.566,1,5120,1440
736.000464,1.000173,59,58.9898,14.9714,20348.43,11543.441,1,5120,1440
737.000282,0.999818,50,50.0091,16.2139,20348.43,11543.441,1,5120,1440
738.0002,0.999918,46,46.0038,16.668,20348.438,11543.441,1,5120,1440
739.000145,0.999945,45,45.0025,16.2118,20348.438,11543.441,1,5120,1440
740.000225,1.00008,57,56.9954,17.7069,20348.438,11543.441,1,5120,1440
741.000336,1.000111,68,67.9925,13.9307,20348.438,11543.441,1,5120,1440
742.000197,0.999861,68,68.0094,14.7156,20348.438,11543.441,1,5120,1440
743.000398,1.000201,60,59.9879,12.1069,20348.457,11543.441,1,5120,1440
744.000396,0.999997,55,55.0001,14.7136,20348.465,11543.441,1,5120,1440
745.000387,0.999991,48,48.0004,15.56,20352.465,11547.445,1,5120,1440
746.000393,1.000007,52,51.9997,15.69,20352.484,11548.383,1,5120,1440
747.000289,0.999896,59,59.0061,13.0222,20352.488,11548.695,1,5120,1440
748.000513,1.000224,55,54.9877,14.6452,20352.488,11548.695,1,5120,1440
749.000573,1.00006,56,55.9966,14.908,20352.488,11547.57,1,5120,1440
750.000614,1.000041,59,58.9976,15.8197,20352.488,11547.57,1,5120,1440
751.000386,0.999772,59,59.0134,15.2378,20352.488,11547.57,1,5120,1440
752.000289,0.999903,49,49.0048,15.3661,20352.492,11547.57,1,5120,1440
753.0004,1.000111,53,52.9941,15.3629,20352.52,11547.57,1,5120,1440
754.000335,0.999935,49,49.0032,16.0167,20352.559,11547.57,1,5120,1440
755.000564,1.000229,50,49.9886,14.5149,20352.566,11547.57,1,5120,1440
756.000391,0.999827,50,50.0086,14.651,20352.566,11547.57,1,5120,1440
757.000513,1.000122,50,49.9939,14.5816,20352.582,11547.258,1,5120,1440
758.000183,0.99967,58,58.0191,14.1323,20352.586,11564.039,1,5120,1440
759.00055,1.000368,52,51.9809,14.2526,20352.586,11564.039,1,5120,1440
760.000277,0.999727,57,57.0156,14.1966,20352.621,11564.039,1,5120,1440
761.000215,0.999938,44,44.0028,15.7562,20352.625,11563.602,1,5120,1440
762.000488,1.000273,43,42.9883,16.0763,20352.656,11563.602,1,5120,1440
763.000261,0.999774,89,89.0202,13.675,20352.781,11564.414,1,5120,1440
764.000358,1.000097,99,98.9904,12.9545,20352.781,11564.414,1,5120,1440
765.00045,1.000092,52,51.9952,9.3741,20352.805,11564.414,1,5120,1440
766.000478,1.000028,29,28.9992,8.1378,20353.184,11563.727,1,5120,1440
767.000196,0.999718,31,31.0087,4.4283,20148.934,11463.324,1,5120,1440
768.000426,1.00023,34,33.9922,2.4083,20147.898,11462.074,1,5120,1440
769.000443,1.000016,35,34.9994,3.1901,20148.035,11461.824,1,5120,1440
770.000143,0.9997,38,38.0114,2.9306,20148.051,11429.887,1,5120,1440
771.000382,1.00024,35,34.9916,2.8639,20148.051,11429.887,1,5120,1440
772.00058,1.000198,39,38.9923,2.6687,20148.051,11429.887,1,5120,1440
773.000395,0.999815,33,33.0061,2.3442,20148.051,11429.887,1,5120,1440
774.000439,1.000044,37,36.9984,2.1483,20148.051,11429.887,1,5120,1440
775.000497,1.000058,33,32.9981,2.1483,20148.051,11430.324,1,5120,1440
776.000569,1.000071,39,38.9972,2.0832,20148.051,11430.324,1,5120,1440
777.000564,0.999996,34,34.0001,3.1901,20148.051,11430.324,1,5120,1440
778.000403,0.999838,35,35.0057,1.9534,20148.051,11429.887,1,5120,1440
779.000298,0.999895,201,201.0211,7.4227,20147.102,11364.105,1,5120,1440
780.000451,1.000153,115,114.9824,13.3443,20235.594,11762.309,1,5120,1440
781.000444,0.999994,51,51.0003,16.8621,20247.379,11774.434,1,5120,1440
782.000128,0.999684,50,50.0158,15.6951,20264.559,11775.059,1,5120,1440
783.00034,1.000212,51,50.9892,15.2311,20264.305,11757.621,1,5120,1440
784.000166,0.999825,53,53.0093,15.237,20265.891,11759.059,1,5120,1440
785.000119,0.999954,53,53.0025,14.2585,20266.668,11758.035,1,5120,1440
786.000336,1.000217,52,51.9887,14.1896,20267.184,11764.824,1,5120,1440
787.000214,0.999878,53,53.0065,14.5851,20267.371,11765.199,1,5120,1440
788.000166,0.999953,52,52.0025,14.3887,20267.379,11765.199,1,5120,1440
789.000198,1.000032,54,53.9983,13.411,20267.641,11767.141,1,5120,1440
790.000308,1.00011,52,51.9943,14.2563,20267.711,11767.203,1,5120,1440
791.000356,1.000049,52,51.9975,13.4759,20267.719,11767.203,1,5120,1440
792.000119,0.999762,56,56.0133,15.8892,20294.617,12288.09,1,5120,1440
793.000157,1.000038,51,50.998,14.5828,20281.305,12272.805,1,5120,1440
794.000064,0.999907,53,53.0049,13.7383,20282.086,12290.336,1,5120,1440
795.000333,1.000268,57,56.9847,14.1889,20282.133,12285.086,1,5120,1440
796.000183,0.99985,57,57.0086,14.5855,20282.398,12246.02,1,5120,1440
797.00038,1.000198,56,55.9889,13.9946,20282.582,12246.145,1,5120,1440
798.000571,1.000191,68,67.987,14.1249,20282.594,12096.637,1,5120,1440
799.000383,0.999812,60,60.0113,13.6744,20282.273,12096.195,1,5120,1440
800.000567,1.000184,59,58.9892,14.0599,20282.301,12096.258,1,5120,1440
801.000543,0.999976,60,60.0015,12.6956,20282.324,12096.383,1,5120,1440
802.000506,0.999963,66,66.0025,13.4771,20282.332,12096.758,1,5120,1440
803.000464,0.999959,62,62.0026,14.2584,20282.395,12098.32,1,5120,1440
804.000311,0.999847,55,55.0084,13.9344,20259.191,12071.938,1,5120,1440
805.00035,1.000039,55,54.9979,12.6948,20259.242,12071.938,1,5120,1440
806.000408,1.000059,65,64.9962,12.955,20259.258,12070.938,1,5120,1440
807.000392,0.999984,61,61.001,14.0627,20259.266,12070.75,1,5120,1440
808.000464,1.000072,63,62.9955,14.5823,20259.27,12070.5,1,5120,1440
809.000502,1.000038,65,64.9975,15.364,20259.27,12070.5,1,5120,1440
810.000217,0.999714,67,67.0192,14.3921,20259.715,12072.75,1,5120,1440
811.000452,1.000235,67,66.9843,15.1006,20259.715,12072.75,1,5120,1440
812.000307,0.999855,67,67.0097,13.9994,20259.719,12072.75,1,5120,1440
813.000549,1.000242,66,65.984,14.2544,20259.719,12072.562,1,5120,1440
814.000501,0.999952,68,68.0033,14.584,20259.727,12072.562,1,5120,1440
815.000414,0.999913,74,74.0064,15.1055,20260.047,12044.953,1,5120,1440
816.000212,0.999798,76,76.0154,15.1072,20260.066,12045.141,1,5120,1440
817.000407,1.000195,76,75.9852,15.0361,20260.164,12045.891,1,5120,1440
818.000542,1.000135,74,73.99,13.7351,20260.191,12046.078,1,5120,1440
819.000337,0.999795,74,74.0152,14.0003,20260.207,12046.141,1,5120,1440
820.000615,1.000278,74,73.9795,13.0172,20260.227,12047.391,1,5120,1440
821.000308,0.999693,69,69.0212,13.1551,20260.238,12047.516,1,5120,1440
822.000477,1.000169,66,65.9889,13.0837,20260.242,12047.516,1,5120,1440
823.000155,0.999678,74,74.0238,14.9136,20267.531,12048.703,1,5120,1440
824.000462,1.000307,67,66.9795,13.2772,20267.535,12048.703,1,5120,1440
825.000223,0.999761,72,72.0172,14.0659,20267.551,12048.703,1,5120,1440
826.000564,1.000341,75,74.9744,14.0577,20267.555,12048.703,1,5120,1440
827.00063,1.000065,75,74.9951,13.9314,20267.559,12049.016,1,5120,1440
828.000528,0.999898,73,73.0074,14.9104,20267.559,12049.016,1,5120,1440
829.000524,0.999996,73,73.0003,14.1928,20267.559,12049.016,1,5120,1440
830.000314,0.99979,74,74.0155,15.2376,20267.562,12049.078,1,5120,1440
831.000189,0.999875,75,75.0094,15.1061,20267.562,12049.078,1,5120,1440
832.000446,1.000257,76,75.9804,15.4908,20267.586,12049.453,1,5120,1440
833.000293,0.999846,73,73.0112,14.1298,20267.59,12049.453,1,5120,1440
834.000278,0.999985,73,73.0011,14.7138,20267.59,12049.453,1,5120,1440
835.000361,1.000083,73,72.9939,13.3452,20267.59,12049.453,1,5120,1440
836.000356,0.999995,74,74.0004,14.0626,20267.598,12049.453,1,5120,1440
837.00066,1.000305,73,72.9778,13.9931,20267.598,12050.078,1,5120,1440
838.000253,0.999592,73,73.0298,15.3057,20267.598,12050.078,1,5120,1440
839.000203,0.99995,73,73.0036,14.9096,20267.602,12050.078,1,5120,1440
840.000338,1.000135,73,72.9901,14.7115,20267.602,12050.078,1,5120,1440
841.000408,1.00007,73,72.9949,13.9964,20267.605,12050.078,1,5120,1440
842.000207,0.999799,75,75.0151,14.456,20267.613,12050.266,1,5120,1440
843.000513,1.000306,74,73.9773,14.0582,20267.617,12050.266,1,5120,1440
844.000609,1.000096,65,64.9937,13.996,20267.617,12050.266,1,5120,1440
845.000543,0.999934,67,67.0044,13.7379,20268.59,12050.891,1,5120,1440
846.000601,1.000058,63,62.9964,14.3221,20268.594,12051.141,1,5120,1440
847.000374,0.999774,56,56.0127,15.889,20269.0,12052.328,1,5120,1440
848.000805,1.000431,65,64.972,15.4881,20272.074,12058.223,1,5120,1440
849.000191,0.999386,86,86.0529,13.3546,20272.328,12059.348,1,5120,1440
850.0004,1.000209,93,92.9805,12.953,20272.352,12059.348,1,5120,1440
851.00055,1.00015,72,71.9892,11.9774,20309.277,12088.156,1,5120,1440
852.000348,0.999798,29,29.0059,8.5304,20310.562,12104.195,1,5120,1440
853.00012,0.999772,30,30.0068,10.7446,20310.562,12104.195,1,5120,1440
854.000131,1.000011,30,29.9997,9.9608,20310.562,12100.195,1,5120,1440
855.00033,1.000199,29,28.9942,10.2844,20310.562,12088.113,1,5120,1440
856.000583,1.000252,30,29.9924,10.2188,20310.562,12088.113,1,5120,1440
857.000182,0.9996,57,57.0228,14.98,20328.867,12284.41,1,5120,1440
858.000521,1.000338,69,68.9767,15.2943,20336.867,12283.723,1,5120,1440
859.000219,0.999698,60,60.0181,12.9596,20337.625,12283.223,1,5120,1440
860.000561,1.000342,51,50.9826,13.3418,20338.035,12280.473,1,5120,1440
861.000257,0.999696,50,50.0152,14.0016,20339.434,12261.949,1,5120,1440
862.000155,0.999897,50,50.0051,14.9104,20339.625,12263.324,1,5120,1440
863.000523,1.000368,50,49.9816,13.2764,20343.176,12272.449,1,5120,1440
864.000096,0.999573,50,50.0213,13.7428,20342.723,12271.887,1,5120,1440
865.000574,1.000478,49,48.9766,13.2098,20342.723,12271.887,1,5120,1440
866.000513,0.99994,48,48.0029,13.8029,20342.75,12272.637,1,5120,1440
867.000259,0.999746,49,49.0125,15.4336,20342.777,12272.699,1,5120,1440
868.000358,1.000098,52,51.9949,15.4282,20342.777,12272.699,1,5120,1440
869.000267,0.999909,50,50.0046,15.8869,20345.656,12283.324,1,5120,1440
870.000402,1.000135,51,50.9931,14.1908,20346.031,12284.012,1,5120,1440
871.000548,1.000146,46,45.9933,14.5161,20342.359,12278.961,1,5120,1440
872.000356,0.999808,49,49.0094,15.8885,20342.438,12279.586,1,5120,1440
873.000504,1.000148,54,53.992,14.7765,20342.504,12279.586,1,5120,1440
874.000234,0.99973,52,52.014,15.3036,20342.828,12279.586,1,5120,1440
875.000468,1.000234,52,51.9878,15.1006,20342.945,12285.406,1,5120,1440
876.00058,1.000112,56,55.9937,14.8421,20343.125,12285.469,1,5120,1440
877.000301,0.999721,57,57.0159,13.8059,20343.137,12285.469,1,5120,1440
878.000132,0.999831,58,58.0098,13.2835,20343.148,12285.469,1,5120,1440
879.000522,1.00039,58,57.9774,13.2761,20343.152,12282.844,1,5120,1440
880.000373,0.999851,59,59.0088,13.0879,20343.156,12275.215,1,5120,1440
881.00044,1.000067,59,58.996,13.5408,20343.176,12249.074,1,5120,1440
882.000501,1.000061,54,53.9967,14.6475,20343.262,12237.258,1,5120,1440
883.000347,0.999846,53,53.0082,13.8042,20343.27,12231.504,1,5120,1440
884.000586,1.000239,51,50.9878,15.5562,20343.285,12124.254,1,5120,1440
885.000246,0.999659,44,44.015,15.4349,20343.352,12126.441,1,5120,1440
886.000562,1.000317,54,53.9829,15.6201,20343.473,12126.754,1,5120,1440
887.000288,0.999726,71,71.0195,14.1966,20343.477,12127.504,1,5120,1440
888.000251,0.999963,75,75.0028,14.2583,20343.484,12127.566,1,5120,1440
889.000641,1.00039,81,80.9684,12.9507,20343.488,12127.629,1,5120,1440
890.000324,0.999682,82,82.0261,13.7413,20344.207,12133.316,1,5120,1440
891.000182,0.999858,44,44.0062,16.1481,20346.473,12289.559,1,5120,1440
892.000192,1.00001,47,46.9995,15.1691,20346.539,12289.559,1,5120,1440
893.000317,1.000125,55,54.9931,15.2325,20346.598,12289.559,1,5120,1440
894.000443,1.000126,57,56.9928,16.4693,20346.617,12277.555,1,5120,1440
895.000301,0.999858,60,60.0086,14.1947,20346.645,12277.555,1,5120,1440
896.000371,1.00007,66,65.9954,14.3219,20346.66,12277.43,1,5120,1440
897.000327,0.999956,67,67.003,12.2401,20346.672,12277.367,1,5120,1440
898.000277,0.999951,28,28.0014,8.2035,20346.672,12277.367,1,5120,1440
899.000291,1.000014,30,29.9996,6.7707,20298.852,12253.633,1,5120,1440
900.000255,0.999964,50,50.0018,29.949,20567.527,12640.406,1,5120,1440
901.000567,1.000312,53,52.9835,49.9193,20570.785,12653.934,1,5120,1440
902.000453,0.999886,55,55.0063,27.2818,20368.98,12449.461,1,5120,1440
903.000552,1.0001,55,54.9945,14.1262,20368.984,12449.148,1,5120,1440
904.000402,0.999849,58,58.0087,14.5204,20368.984,12448.148,1,5120,1440
905.000455,1.000053,58,57.9969,14.257,20369.027,12448.086,1,5120,1440
906.000319,0.999864,60,60.0082,15.1062,20369.043,12449.086,1,5120,1440
907.000628,1.000309,63,62.9805,15.2297,20369.047,12449.148,1,5120,1440
908.000085,0.999457,67,67.0364,15.1775,20369.094,12449.773,1,5120,1440
909.000077,0.999992,67,67.0005,14.1928,20369.125,12449.836,1,5120,1440
910.000395,1.000318,64,63.9796,17.963,20369.164,12450.211,1,5120,1440
911.000372,0.999977,65,65.0015,14.779,20369.164,12450.211,1,5120,1440
912.000186,0.999814,66,66.0123,14.4558,20369.184,12452.898,1,5120,1440
913.000524,1.000338,68,67.977,14.253,20369.203,12460.914,1,5120,1440
914.000567,1.000043,71,70.997,14.4525,20369.207,12460.914,1,5120,1440
915.000227,0.99966,70,70.0238,15.0442,20369.223,12460.664,1,5120,1440
916.000505,1.000278,70,69.9806,13.4728,20369.223,12460.664,1,5120,1440
917.000236,0.999731,72,72.0193,17.9085,20403.426,12495.668,1,5120,1440
918.000371,1.000134,68,67.9909,15.6229,20372.867,12465.688,1,5120,1440
919.00057,1.000199,71,70.9859,18.8765,20328.586,12418.879,1,5120,1440
920.000474,0.999904,70,70.0067,13.2174,20328.668,12421.379,1,5120,1440
921.000538,1.000063,72,71.9954,14.1918,20328.676,12421.379,1,5120,1440
922.000353,0.999816,71,71.0131,13.5442,20328.676,12421.379,1,5120,1440
923.000206,0.999852,74,74.0109,14.5204,20328.676,12414.441,1,5120,1440
924.000303,1.000098,75,74.9927,13.996,20328.676,12402.688,1,5120,1440
925.00041,1.000106,71,70.9924,14.8422,20329.652,12401.875,1,5120,1440
926.000405,0.999995,70,70.0003,14.5834,20329.652,12392.305,1,5120,1440
927.000503,1.000098,72,71.9929,14.4517,20329.797,12389.992,1,5120,1440
928.000122,0.999619,73,73.0279,15.0448,20330.43,12376.992,1,5120,1440
929.000103,0.999982,69,69.0013,14.3883,20329.996,12374.992,1,5120,1440
930.000259,1.000155,73,72.9887,14.5811,20329.996,12261.352,1,5120,1440
931.000277,1.000018,73,72.9987,13.932,20330.062,12260.852,1,5120,1440
932.000483,1.000206,71,70.9854,13.1483,20330.066,12260.664,1,5120,1440
933.000507,1.000025,68,67.9983,14.1924,20330.066,12259.352,1,5120,1440
934.000177,0.99967,64,64.0212,14.1974,20330.555,12260.914,1,5120,1440
935.000424,1.000247,64,63.9842,13.1478,20330.566,12260.914,1,5120,1440
936.000458,1.000034,63,62.9979,13.0204,20330.578,12260.914,1,5120,1440
937.000228,0.99977,67,67.0154,14.5867,20330.578,12260.914,1,5120,1440
938.00036,1.000132,72,71.9905,14.0606,20330.707,12261.039,1,5120,1440
939.000525,1.000165,73,72.988,13.6696,20330.734,12261.539,1,5120,1440
940.000135,0.999611,74,74.0288,13.4818,20330.82,12261.727,1,5120,1440
941.000312,1.000177,77,76.9864,13.2138,20331.113,12263.727,1,5120,1440
942.000199,0.999887,76,76.0086,13.8036,20331.922,12264.477,1,5120,1440
943.000284,1.000085,76,75.9935,13.9311,20331.945,12264.539,1,5120,1440
944.000413,1.000129,76,75.9902,14.256,20332.125,12264.539,1,5120,1440
945.000737,1.000324,71,70.977,13.9278,20332.281,12265.727,1,5120,1440
946.000496,0.99976,70,70.0168,13.8054,20332.965,12266.746,1,5120,1440
947.00041,0.999914,71,71.0061,12.7615,20333.336,12267.246,1,5120,1440
948.000636,1.000226,73,72.9835,13.7339,20333.344,12267.246,1,5120,1440
949.000533,0.999898,79,79.0081,18.7519,20416.848,12357.805,1,5120,1440
950.000486,0.999953,85,85.004,15.7559,20379.77,12319.059,1,5120,1440
951.000512,1.000026,88,87.9977,14.6481,20375.246,12315.309,1,5120,1440
952.000274,0.999762,87,87.0207,13.2844,20375.25,12315.309,1,5120,1440
953.00025,0.999976,88,88.0021,13.4769,20390.07,12330.574,1,5120,1440
954.000472,1.000222,90,89.98,14.7103,20375.57,12314.699,1,5120,1440
955.000385,0.999913,88,88.0076,19.2074,20552.996,12505.109,1,5120,1440
956.00027,0.999885,90,90.0104,34.8347,20512.074,12464.359,1,5120,1440
957.000466,1.000196,90,89.9823,20.5038,20390.469,12336.0,1,5120,1440
958.000465,0.999999,86,86.0001,12.9557,20383.48,12322.621,1,5120,1440
959.000498,1.000033,85,84.9972,12.76,20383.496,12322.684,1,5120,1440
960.000551,1.000053,91,90.9952,13.1504,20383.496,12322.684,1,5120,1440
961.000618,1.000067,99,98.9934,12.6945,20383.496,12323.059,1,5120,1440
962.000213,0.999596,86,86.0348,14.98,20383.496,12322.996,1,5120,1440
963.0001,0.999887,63,63.0071,16.0174,20383.496,12322.996,1,5120,1440
964.000492,1.000391,60,59.9765,15.4887,20383.496,12322.996,1,5120,1440
965.000221,0.999729,66,66.0179,14.7175,20383.504,12322.996,1,5120,1440
966.000206,0.999985,64,64.001,14.7789,20383.504,12322.996,1,5120,1440
967.000404,1.000198,63,62.9875,16.403,20447.414,12388.406,1,5120,1440
968.000414,1.00001,70,69.9993,22.3305,20383.68,12323.559,1,5120,1440
969.0008,1.000386,77,76.9703,14.1221,20383.941,12323.559,1,5120,1440
970.000201,0.999401,82,82.0492,14.5921,20383.941,12323.559,1,5120,1440
971.000702,1.000502,82,81.9589,13.8602,20383.941,12323.559,1,5120,1440
972.000202,0.9995,63,63.0315,11.7898,20385.297,12444.816,1,5120,1440
973.000225,1.000023,104,103.9976,10.6768,20385.594,12445.066,1,5120,1440
974.000506,1.000281,86,85.9759,9.828,20332.336,12243.168,1,5120,1440
975.00029,0.999784,0,0.0,3.1257,15973.129,12171.461,1,5120,1440
976.000378,1.000088,0,0.0,4.1663,5850.426,12171.461,1,5120,1440
